,precision,recall,f1-score,support
Control,0.5523282618718304,0.9576338928856915,0.7005847953216374,1251.0
Diseased,0.9797323135755258,0.7251627512029437,0.8334417696811971,3533.0
accuracy,0.7859531772575251,0.7859531772575251,0.7859531772575251,0.7859531772575251
macro avg,0.7660302877236781,0.8413983220443175,0.7670132825014173,4784.0
weighted avg,0.8679675834999984,0.7859531772575251,0.7987001152238792,4784.0
