,precision,recall,f1-score,support
Control,0.5625755743651754,0.955502310456957,0.7081879875689732,5843.0
Diseased,0.9790525298098615,0.7367974292123931,0.8408233869572739,16493.0
accuracy,0.794009670487106,0.794009670487106,0.794009670487106,0.794009670487106
macro avg,0.7708140520875184,0.846149869834675,0.7745056872631235,22336.0
weighted avg,0.8701039781146921,0.794009670487106,0.806126546044584,22336.0
