,precision,recall,f1-score,support
Control,0.5450743494423792,0.9369009584664537,0.6891891891891891,1252.0
Diseased,0.9699848024316109,0.7228199320498301,0.8283582089552238,3532.0
accuracy,0.7788461538461539,0.7788461538461539,0.7788461538461539,0.7788461538461539
macro avg,0.7575295759369951,0.829860445258142,0.7587736990722065,4784.0
weighted avg,0.8587833210054993,0.7788461538461539,0.7919368852204672,4784.0
