Split,Accuracy,F1_Score,Precision,Recall,AUC_ROC
Train,0.794009670487106,0.806126546044584,0.8701039781146921,0.794009670487106,0.9491770550695668
Validation,0.7859531772575251,0.7987001152238792,0.8679675834999984,0.7859531772575251,0.9426474105176655
Test,0.7788461538461539,0.7919368852204672,0.8587833210054993,0.7788461538461539,0.9395461033580699
