,precision,recall,f1-score,support
Control,0.16830898176463926,0.9976502181940249,0.28802636042060376,5958.0
Diseased,0.9997794893603617,0.6836515988669531,0.8120330570054242,92847.0
accuracy,0.7025859015232022,0.7025859015232022,0.7025859015232022,0.7025859015232022
macro avg,0.5840442355625004,0.840650908530489,0.5500297087130139,98805.0
weighted avg,0.9496413254591896,0.7025859015232022,0.7804351429499375,98805.0
