,precision,recall,f1-score,support
Control,0.1710813706053717,0.9969099536775505,0.29204450015928374,177020.0
Diseased,0.9996949327039392,0.6770430837357821,0.8073253345445841,2647542.0
accuracy,0.6970896726642928,0.6970896726642928,0.6970896726642928,0.6970896726642928
macro avg,0.5853881516546554,0.8369765187066663,0.5496849173519339,2824562.0
weighted avg,0.9477643421335468,0.6970896726642928,0.7750318273378435,2824562.0
