Metric,Value,Epoch
Accuracy,0.999611486293465,7
Precision,1.0,7
Recall,0.9992228926677638,7
F1 Score,0.9996112953012461,7
AUC,0.9999970313148108,7
