Split,Accuracy,F1_Score,Precision,Recall,AUC_ROC
Train,0.7025859015232022,0.7804351429499375,0.9496413254591896,0.7025859015232022,0.8404078675485616
Test,0.6970896726642928,0.7750318273378435,0.9477643421335468,0.6970896726642928,0.8351743896440179
