method,euclidean_mean,euclidean_median,euclidean_min,euclidean_max,euclidean_std,cosine_sim_mean,cosine_sim_median,manhattan_mean,manhattan_median,hausdorff_forward,hausdorff_backward,hausdorff_symmetric
PCA,1.8462194170134862,1.7710417076430107,0.12633379789949575,4.468659815599416,0.8841001095119713,-0.02156195613128868,0.00641955058785304,2.376444486847354,2.2893447503447533,1.0225910398831926,1.7150840778199443,1.7150840778199443
TSNE,31.193748509983457,29.77766603682576,1.181560212203813,76.76625685472445,15.76838717207796,0.018624677672407896,0.00023319809315230922,39.883343683547444,37.684553265571594,6.624101869130101,31.316909513609975,31.316909513609975
UMAP,2.075796968216762,1.9745873526631328,0.03713320502867406,5.05576505647843,1.0570710647652517,0.9819271163625015,0.9906660354794269,2.6364400794553675,2.5305437445640564,0.2987741326971228,2.022996435192487,2.022996435192487
