gene,importance
Ccl5,0.6127817270896534
Actb,0.5224392441675174
mt-Co1,0.43272287299332973
Ftl1,0.3835378233802762
mt-Co3,0.3755671468114471
